timestamp,hostname,program,program_version,project_name,source_dir
2019-05-21 18:11:49,JDSOUZA-1,cmake,3.12.0,Hyper API Superproject,D:/hyper-api/hyper-api
2019-05-21 18:11:49,JDSOUZA-1,cmake,3.12.0,Hyper API Superproject,D:/hyper-api/hyper-api
2019-05-21 18:11:53,JDSOUZA-1,cmake,3.12.0,Hyper API thirdparty.googletest,D:/hyper-api/hyper-api/thirdparty.googletest
2019-05-21 18:11:53,JDSOUZA-1,cmake,3.12.0,Hyper API thirdparty.googletest,D:/hyper-api/hyper-api/thirdparty.googletest
2019-05-21 18:11:56,JDSOUZA-1,cmake,3.12.0,Hyper API thirdparty.googlebenchmark,D:/hyper-api/hyper-api/thirdparty.googlebenchmark
2019-05-21 18:11:56,JDSOUZA-1,cmake,3.12.0,debug_mtd_hapi-c.library,D:/hyper-api/hyper-api/hapi-c.library
2019-05-21 18:11:56,JDSOUZA-1,cmake,3.12.0,debug_mtd_eapi-c.library,D:/hyper-api/hyper-api/hapi-c.library
2019-05-21 18:11:58,JDSOUZA-1,cmake,3.12.0,release_mt_eapi-c.library,D:/hyper-api/hyper-api/hapi-c.library
2019-05-21 18:11:58,JDSOUZA-1,cmake,3.12.0,release_mt_hapi-c.library,D:/hyper-api/hyper-api/hapi-c.library
2019-05-21 18:11:58,JDSOUZA-1,cmake,3.12.0,Hyper API thirdparty.googlebenchmark,D:/hyper-api/hyper-api/thirdparty.googlebenchmark
2019-05-21 18:12:12,JDSOUZA-1,cmake,3.12.0,debug_mtd_hapi-cxx.library,D:/hyper-api/hyper-api/hapi-cxx.library
2019-05-21 18:12:13,JDSOUZA-1,cmake,3.12.0,debug_mtd_hapi-java.library,D:/hyper-api/hyper-api/hapi-java.library
2019-05-21 18:12:13,JDSOUZA-1,cmake,3.12.0,debug_mtd_eapi-cxx.library,D:/hyper-api/hyper-api/hapi-cxx.library
2019-05-21 18:12:19,JDSOUZA-1,cmake,3.12.0,release_mt_hapi-cxx.library,D:/hyper-api/hyper-api/hapi-cxx.library
2019-05-21 18:12:19,JDSOUZA-1,cmake,3.12.0,release_mt_hapi-py.library,D:/hyper-api/hyper-api/hapi-py.library
2019-05-21 18:12:19,JDSOUZA-1,cmake,3.12.0,release_mt_hapi-java.library,D:/hyper-api/hyper-api/hapi-java.library
2019-05-21 18:12:19,JDSOUZA-1,cmake,3.12.0,release_mt_eapi-cxx.library,D:/hyper-api/hyper-api/hapi-cxx.library
2019-05-21 18:12:19,JDSOUZA-1,cmake,3.12.0,release_mt_eapi-py.library,D:/hyper-api/hyper-api/eapi-py.library
2019-05-21 18:12:31,JDSOUZA-1,cmake,3.12.0,debug_mtd_hapi-cxx.tests,D:/hyper-api/hyper-api/hapi-cxx.tests
2019-05-21 18:12:42,JDSOUZA-1,cmake,3.12.0,release_mt_hapi-cxx.tests,D:/hyper-api/hyper-api/hapi-cxx.tests
2019-06-12 10:23:37,JDSOUZA-1,cmake,3.12.0,,D:/hyper-api/hyper-api/hapi-dotnet.library
2019-06-12 12:04:51,JDSOUZA-1,cmake,3.12.0,,D:/hyper-api/hyper-api/thirdparty.googletest
2019-06-12 12:04:51,JDSOUZA-1,cmake,3.12.0,,D:/hyper-api/hyper-api/thirdparty.googletest
2019-06-12 12:05:13,JDSOUZA-1,cmake,3.12.0,,D:/hyper-api/hyper-api/hapi-c.library
2019-06-12 12:05:13,JDSOUZA-1,cmake,3.12.0,,D:/hyper-api/hyper-api/thirdparty.googlebenchmark
2019-06-12 12:05:13,JDSOUZA-1,cmake,3.12.0,,D:/hyper-api/hyper-api/hapi-c.library
2019-06-12 12:05:24,JDSOUZA-1,cmake,3.12.0,,D:/hyper-api/hyper-api/hapi-c.library
2019-06-12 12:05:24,JDSOUZA-1,cmake,3.12.0,,D:/hyper-api/hyper-api/hapi-c.library
2019-06-12 12:05:24,JDSOUZA-1,cmake,3.12.0,,D:/hyper-api/hyper-api/thirdparty.googlebenchmark
2019-06-12 12:06:15,JDSOUZA-1,cmake,3.12.0,,D:/hyper-api/hyper-api/hapi-cxx.library
2019-06-12 12:06:15,JDSOUZA-1,cmake,3.12.0,,D:/hyper-api/hyper-api/hapi-cxx.library
2019-06-12 12:06:15,JDSOUZA-1,cmake,3.12.0,,D:/hyper-api/hyper-api/hapi-java.library
2019-06-12 12:06:33,JDSOUZA-1,cmake,3.12.0,,D:/hyper-api/hyper-api/hapi-py.library
2019-06-12 12:06:33,JDSOUZA-1,cmake,3.12.0,,D:/hyper-api/hyper-api/hapi-cxx.library
2019-06-12 12:06:34,JDSOUZA-1,cmake,3.12.0,,D:/hyper-api/hyper-api/hapi-java.library
2019-06-12 12:06:34,JDSOUZA-1,cmake,3.12.0,,D:/hyper-api/hyper-api/eapi-py.library
2019-06-12 12:06:34,JDSOUZA-1,cmake,3.12.0,,D:/hyper-api/hyper-api/hapi-dotnet.library
2019-06-12 12:06:34,JDSOUZA-1,cmake,3.12.0,,D:/hyper-api/hyper-api/hapi-cxx.library
2019-06-14 11:46:50,JDSOUZA-1,cmake,3.12.0,,D:/hyper-api/hyper-api/hapi-cxx.tests
2019-06-14 11:58:26,JDSOUZA-1,cmake,3.12.0,,D:/hyper-api/hyper-api/thirdparty.googletest
2019-06-14 11:58:26,JDSOUZA-1,cmake,3.12.0,,D:/hyper-api/hyper-api/thirdparty.googletest
2019-06-14 11:58:48,JDSOUZA-1,cmake,3.12.0,,D:/hyper-api/hyper-api/hapi-c.library
2019-06-14 11:58:48,JDSOUZA-1,cmake,3.12.0,,D:/hyper-api/hyper-api/thirdparty.googlebenchmark
2019-06-14 11:58:48,JDSOUZA-1,cmake,3.12.0,,D:/hyper-api/hyper-api/hapi-c.library
2019-06-14 11:59:00,JDSOUZA-1,cmake,3.12.0,,D:/hyper-api/hyper-api/thirdparty.googlebenchmark
2019-06-14 11:59:00,JDSOUZA-1,cmake,3.12.0,,D:/hyper-api/hyper-api/hapi-c.library
2019-06-14 11:59:00,JDSOUZA-1,cmake,3.12.0,,D:/hyper-api/hyper-api/hapi-c.library
2019-06-14 11:59:54,JDSOUZA-1,cmake,3.12.0,,D:/hyper-api/hyper-api/hapi-cxx.library
2019-06-14 12:00:00,JDSOUZA-1,cmake,3.12.0,,D:/hyper-api/hyper-api/hapi-cxx.library
2019-06-14 12:00:00,JDSOUZA-1,cmake,3.12.0,,D:/hyper-api/hyper-api/hapi-java.library
2019-06-14 12:00:11,JDSOUZA-1,cmake,3.12.0,,D:/hyper-api/hyper-api/eapi-py.library
2019-06-14 12:00:11,JDSOUZA-1,cmake,3.12.0,,D:/hyper-api/hyper-api/hapi-cxx.library
2019-06-14 12:00:11,JDSOUZA-1,cmake,3.12.0,,D:/hyper-api/hyper-api/hapi-py.library
2019-06-14 12:00:11,JDSOUZA-1,cmake,3.12.0,,D:/hyper-api/hyper-api/hapi-cxx.library
2019-06-14 12:00:11,JDSOUZA-1,cmake,3.12.0,,D:/hyper-api/hyper-api/hapi-java.library
2019-06-14 12:00:11,JDSOUZA-1,cmake,3.12.0,,D:/hyper-api/hyper-api/hapi-dotnet.library
2019-06-14 13:10:27,JDSOUZA-1,cmake,3.12.0,,D:/hyper-api/hyper-api/hapi-cxx.tests
2019-06-14 13:14:57,JDSOUZA-1,cmake,3.12.0,,D:/hyper-api/hyper-api/hapi-cxx.tests
2019-06-14 16:55:42,JDSOUZA-1,cmake,3.12.0,,D:/hyper-api/hyper-api/thirdparty.googletest
2019-06-14 16:55:43,JDSOUZA-1,cmake,3.12.0,,D:/hyper-api/hyper-api/thirdparty.googletest
2019-06-14 16:56:05,JDSOUZA-1,cmake,3.12.0,,D:/hyper-api/hyper-api/hapi-c.library
2019-06-14 16:56:05,JDSOUZA-1,cmake,3.12.0,,D:/hyper-api/hyper-api/hapi-c.library
2019-06-14 16:56:05,JDSOUZA-1,cmake,3.12.0,,D:/hyper-api/hyper-api/thirdparty.googlebenchmark
2019-06-14 16:56:16,JDSOUZA-1,cmake,3.12.0,,D:/hyper-api/hyper-api/hapi-c.library
2019-06-14 16:56:17,JDSOUZA-1,cmake,3.12.0,,D:/hyper-api/hyper-api/thirdparty.googlebenchmark
2019-06-14 16:56:17,JDSOUZA-1,cmake,3.12.0,,D:/hyper-api/hyper-api/hapi-c.library
2019-06-14 16:57:05,JDSOUZA-1,cmake,3.12.0,,D:/hyper-api/hyper-api/hapi-cxx.library
2019-06-14 16:57:08,JDSOUZA-1,cmake,3.12.0,,D:/hyper-api/hyper-api/hapi-cxx.library
2019-06-14 16:57:08,JDSOUZA-1,cmake,3.12.0,,D:/hyper-api/hyper-api/hapi-java.library
2019-06-14 16:57:29,JDSOUZA-1,cmake,3.12.0,,D:/hyper-api/hyper-api/eapi-py.library
2019-06-14 16:57:29,JDSOUZA-1,cmake,3.12.0,,D:/hyper-api/hyper-api/hapi-cxx.library
2019-06-14 16:57:30,JDSOUZA-1,cmake,3.12.0,,D:/hyper-api/hyper-api/hapi-cxx.library
2019-06-14 16:57:30,JDSOUZA-1,cmake,3.12.0,,D:/hyper-api/hyper-api/hapi-java.library
2019-06-14 16:57:30,JDSOUZA-1,cmake,3.12.0,,D:/hyper-api/hyper-api/hapi-py.library
2019-06-14 16:57:30,JDSOUZA-1,cmake,3.12.0,,D:/hyper-api/hyper-api/hapi-dotnet.library
2019-07-14 22:31:23,sjeyakumar,cmake,3.14.1,,D:/Dev/hyper-workspace/sj_defaultarg/hyper-api
2019-07-14 22:31:23,sjeyakumar,cmake,3.14.1,,D:/Dev/hyper-workspace/sj_defaultarg/hyper-api
2019-07-14 22:31:29,sjeyakumar,cmake,3.14.1,,D:/Dev/hyper-workspace/sj_defaultarg/hyper-api/thirdparty.googletest
2019-07-14 22:31:29,sjeyakumar,cmake,3.14.1,,D:/Dev/hyper-workspace/sj_defaultarg/hyper-api/thirdparty.googletest
2019-07-14 22:31:48,sjeyakumar,cmake,3.14.1,,D:/Dev/hyper-workspace/sj_defaultarg/hyper-api/hapi-c.library
2019-07-14 22:31:48,sjeyakumar,cmake,3.14.1,,D:/Dev/hyper-workspace/sj_defaultarg/hyper-api/hapi-c.library
2019-07-14 22:31:48,sjeyakumar,cmake,3.14.1,,D:/Dev/hyper-workspace/sj_defaultarg/hyper-api/thirdparty.googlebenchmark
2019-07-14 22:32:00,sjeyakumar,cmake,3.14.1,,D:/Dev/hyper-workspace/sj_defaultarg/hyper-api/hapi-c.library
2019-07-14 22:32:00,sjeyakumar,cmake,3.14.1,,D:/Dev/hyper-workspace/sj_defaultarg/hyper-api/thirdparty.googlebenchmark
2019-07-14 22:32:01,sjeyakumar,cmake,3.14.1,,D:/Dev/hyper-workspace/sj_defaultarg/hyper-api/hapi-c.library
2019-07-14 22:32:41,sjeyakumar,cmake,3.14.1,,D:/Dev/hyper-workspace/sj_defaultarg/hyper-api/hapi-cxx.library
2019-07-14 22:32:42,sjeyakumar,cmake,3.14.1,,D:/Dev/hyper-workspace/sj_defaultarg/hyper-api/hapi-cxx.library
2019-07-14 22:32:43,sjeyakumar,cmake,3.14.1,,D:/Dev/hyper-workspace/sj_defaultarg/hyper-api/hapi-java.library
2019-07-14 22:33:07,sjeyakumar,cmake,3.14.1,,D:/Dev/hyper-workspace/sj_defaultarg/hyper-api/hapi-cxx.tests
2019-07-14 22:33:07,sjeyakumar,cmake,3.14.1,,D:/Dev/hyper-workspace/sj_defaultarg/hyper-api/hapi-cxx.tests
2019-07-14 22:33:09,sjeyakumar,cmake,3.14.1,,D:/Dev/hyper-workspace/sj_defaultarg/hyper-api/eapi-py.library
2019-07-14 22:33:09,sjeyakumar,cmake,3.14.1,,D:/Dev/hyper-workspace/sj_defaultarg/hyper-api/hapi-cxx.library
2019-07-14 22:33:10,sjeyakumar,cmake,3.14.1,,D:/Dev/hyper-workspace/sj_defaultarg/hyper-api/hapi-cxx.library
2019-07-14 22:33:10,sjeyakumar,cmake,3.14.1,,D:/Dev/hyper-workspace/sj_defaultarg/hyper-api/hapi-java.library
2019-07-14 22:33:10,sjeyakumar,cmake,3.14.1,,D:/Dev/hyper-workspace/sj_defaultarg/hyper-api/hapi-dotnet.library
2019-07-14 22:33:10,sjeyakumar,cmake,3.14.1,,D:/Dev/hyper-workspace/sj_defaultarg/hyper-api/hapi-py.library
2019-07-14 22:33:53,sjeyakumar,cmake,3.14.1,,D:/Dev/hyper-workspace/sj_defaultarg/hyper-api/hapi-cxx.tests
2019-07-14 22:33:54,sjeyakumar,cmake,3.14.1,,D:/Dev/hyper-workspace/sj_defaultarg/hyper-api/hapi-cxx.tests
2019-07-26 14:28:39,sjeyakumar,cmake,3.14.1,,D:/Dev/hyper-workspace/sj_result/hyper-api
2019-07-26 14:28:44,sjeyakumar,cmake,3.14.1,,D:/Dev/hyper-workspace/sj_result/hyper-api/thirdparty.googletest
2019-07-26 14:28:45,sjeyakumar,cmake,3.14.1,,D:/Dev/hyper-workspace/sj_result/hyper-api/thirdparty.googletest
2019-07-26 14:29:06,sjeyakumar,cmake,3.14.1,,D:/Dev/hyper-workspace/sj_result/hyper-api/thirdparty.googlebenchmark
2019-07-26 14:29:06,sjeyakumar,cmake,3.14.1,,D:/Dev/hyper-workspace/sj_result/hyper-api/hapi-c.library
2019-07-26 14:29:06,sjeyakumar,cmake,3.14.1,,D:/Dev/hyper-workspace/sj_result/hyper-api/hapi-c.library
2019-07-26 14:29:18,sjeyakumar,cmake,3.14.1,,D:/Dev/hyper-workspace/sj_result/hyper-api/thirdparty.googlebenchmark
2019-07-26 14:29:18,sjeyakumar,cmake,3.14.1,,D:/Dev/hyper-workspace/sj_result/hyper-api/hapi-c.library
2019-07-26 14:29:18,sjeyakumar,cmake,3.14.1,,D:/Dev/hyper-workspace/sj_result/hyper-api/hapi-c.library
2019-07-26 14:30:02,sjeyakumar,cmake,3.14.1,,D:/Dev/hyper-workspace/sj_result/hyper-api/hapi-cxx.library
2019-07-26 14:30:04,sjeyakumar,cmake,3.14.1,,D:/Dev/hyper-workspace/sj_result/hyper-api/hapi-cxx.library
2019-07-26 14:30:04,sjeyakumar,cmake,3.14.1,,D:/Dev/hyper-workspace/sj_result/hyper-api/hapi-java.library
2019-07-26 14:30:32,sjeyakumar,cmake,3.14.1,,D:/Dev/hyper-workspace/sj_result/hyper-api/hapi-py.library
2019-07-26 14:30:32,sjeyakumar,cmake,3.14.1,,D:/Dev/hyper-workspace/sj_result/hyper-api/hapi-cxx.library
2019-07-26 14:30:32,sjeyakumar,cmake,3.14.1,,D:/Dev/hyper-workspace/sj_result/hyper-api/hapi-cxx.tests
2019-07-26 14:30:32,sjeyakumar,cmake,3.14.1,,D:/Dev/hyper-workspace/sj_result/hyper-api/hapi-cxx.tests
2019-07-26 14:30:34,sjeyakumar,cmake,3.14.1,,D:/Dev/hyper-workspace/sj_result/hyper-api/eapi-py.library
2019-07-26 14:30:34,sjeyakumar,cmake,3.14.1,,D:/Dev/hyper-workspace/sj_result/hyper-api/hapi-cxx.library
2019-07-26 14:30:34,sjeyakumar,cmake,3.14.1,,D:/Dev/hyper-workspace/sj_result/hyper-api/hapi-java.library
2019-07-26 14:30:34,sjeyakumar,cmake,3.14.1,,D:/Dev/hyper-workspace/sj_result/hyper-api/hapi-dotnet.library
2019-07-26 14:31:18,sjeyakumar,cmake,3.14.1,,D:/Dev/hyper-workspace/sj_result/hyper-api/hapi-cxx.tests
2019-07-26 14:31:20,sjeyakumar,cmake,3.14.1,,D:/Dev/hyper-workspace/sj_result/hyper-api/hapi-cxx.tests
2019-07-26 15:58:48,sjeyakumar,cmake,3.14.1,,D:/Dev/hyper-workspace/sj_result/hyper-api/hapi-cxx.library
2019-08-12 11:18:17,sjeyakumar,cmake,3.14.1,,D:/Dev/hyper-workspace/sj_hapi_result/hyper-db/api
2019-08-12 11:18:24,sjeyakumar,cmake,3.14.1,,D:/Dev/hyper-workspace/sj_hapi_result/hyper-db/api/thirdparty.googletest
2019-08-12 11:18:24,sjeyakumar,cmake,3.14.1,,D:/Dev/hyper-workspace/sj_hapi_result/hyper-db/api/thirdparty.googletest
2019-08-12 11:18:49,sjeyakumar,cmake,3.14.1,,D:/Dev/hyper-workspace/sj_hapi_result/hyper-db/api/hapi-c.library
2019-08-12 11:18:49,sjeyakumar,cmake,3.14.1,,D:/Dev/hyper-workspace/sj_hapi_result/hyper-db/api/hapi-c.library
2019-08-12 11:18:49,sjeyakumar,cmake,3.14.1,,D:/Dev/hyper-workspace/sj_hapi_result/hyper-db/api/thirdparty.googlebenchmark
2019-08-12 11:19:11,sjeyakumar,cmake,3.14.1,,D:/Dev/hyper-workspace/sj_hapi_result/hyper-db/api/thirdparty.googlebenchmark
2019-08-12 11:19:11,sjeyakumar,cmake,3.14.1,,D:/Dev/hyper-workspace/sj_hapi_result/hyper-db/api/hapi-c.library
2019-08-12 11:19:11,sjeyakumar,cmake,3.14.1,,D:/Dev/hyper-workspace/sj_hapi_result/hyper-db/api/hapi-c.library
2019-08-12 11:20:46,sjeyakumar,cmake,3.14.1,,D:/Dev/hyper-workspace/sj_hapi_result/hyper-db/api/hapi-cxx.library
2019-08-12 11:20:47,sjeyakumar,cmake,3.14.1,,D:/Dev/hyper-workspace/sj_hapi_result/hyper-db/api/hapi-java.library
2019-08-12 11:20:48,sjeyakumar,cmake,3.14.1,,D:/Dev/hyper-workspace/sj_hapi_result/hyper-db/api/hapi-cxx.library
2019-08-12 11:21:43,sjeyakumar,cmake,3.14.1,,D:/Dev/hyper-workspace/sj_hapi_result/hyper-db/api/hapi-cxx.library
2019-08-12 11:21:44,sjeyakumar,cmake,3.14.1,,D:/Dev/hyper-workspace/sj_hapi_result/hyper-db/api/hapi-py.library
2019-08-12 11:21:49,sjeyakumar,cmake,3.14.1,,D:/Dev/hyper-workspace/sj_hapi_result/hyper-db/api/hapi-cxx.library
2019-08-12 11:21:50,sjeyakumar,cmake,3.14.1,,D:/Dev/hyper-workspace/sj_hapi_result/hyper-db/api/hapi-dotnet.library
2019-08-12 11:21:50,sjeyakumar,cmake,3.14.1,,D:/Dev/hyper-workspace/sj_hapi_result/hyper-db/api/eapi-py.library
2019-08-12 11:21:50,sjeyakumar,cmake,3.14.1,,D:/Dev/hyper-workspace/sj_hapi_result/hyper-db/api/hapi-java.library
2019-08-12 11:21:59,sjeyakumar,cmake,3.14.1,,D:/Dev/hyper-workspace/sj_hapi_result/hyper-db/api/hapi-cxx.tests
2019-08-12 11:21:59,sjeyakumar,cmake,3.14.1,,D:/Dev/hyper-workspace/sj_hapi_result/hyper-db/api/hapi-cxx.tests
2019-08-12 11:23:26,sjeyakumar,cmake,3.14.1,,D:/Dev/hyper-workspace/sj_hapi_result/hyper-db/api/hapi-cxx.tests
2019-08-12 11:23:48,sjeyakumar,cmake,3.14.1,,D:/Dev/hyper-workspace/sj_hapi_result/hyper-db/api/hapi-cxx.tests
2019-08-12 11:33:10,sjeyakumar,cmake,3.14.1,,D:/Dev/hyper-workspace/sj_hapi_result/hyper-db/api
2019-08-12 11:33:17,sjeyakumar,cmake,3.14.1,,D:/Dev/hyper-workspace/sj_hapi_result/hyper-db/api/thirdparty.googletest
2019-08-12 11:33:17,sjeyakumar,cmake,3.14.1,,D:/Dev/hyper-workspace/sj_hapi_result/hyper-db/api/thirdparty.googletest
2019-08-12 11:33:46,sjeyakumar,cmake,3.14.1,,D:/Dev/hyper-workspace/sj_hapi_result/hyper-db/api/hapi-c.library
2019-08-12 11:33:46,sjeyakumar,cmake,3.14.1,,D:/Dev/hyper-workspace/sj_hapi_result/hyper-db/api/thirdparty.googlebenchmark
2019-08-12 11:33:46,sjeyakumar,cmake,3.14.1,,D:/Dev/hyper-workspace/sj_hapi_result/hyper-db/api/hapi-c.library
2019-08-12 11:34:13,sjeyakumar,cmake,3.14.1,,D:/Dev/hyper-workspace/sj_hapi_result/hyper-db/api/hapi-c.library
2019-08-12 11:34:13,sjeyakumar,cmake,3.14.1,,D:/Dev/hyper-workspace/sj_hapi_result/hyper-db/api/thirdparty.googlebenchmark
2019-08-12 11:34:13,sjeyakumar,cmake,3.14.1,,D:/Dev/hyper-workspace/sj_hapi_result/hyper-db/api/hapi-c.library
2019-08-12 11:35:37,sjeyakumar,cmake,3.14.1,,D:/Dev/hyper-workspace/sj_hapi_result/hyper-db/api/hapi-cxx.library
2019-08-12 11:35:38,sjeyakumar,cmake,3.14.1,,D:/Dev/hyper-workspace/sj_hapi_result/hyper-db/api/hapi-cxx.library
2019-08-12 11:35:38,sjeyakumar,cmake,3.14.1,,D:/Dev/hyper-workspace/sj_hapi_result/hyper-db/api/hapi-java.library
2019-08-12 11:36:41,sjeyakumar,cmake,3.14.1,,D:/Dev/hyper-workspace/sj_hapi_result/hyper-db/api/hapi-cxx.library
2019-08-12 11:36:41,sjeyakumar,cmake,3.14.1,,D:/Dev/hyper-workspace/sj_hapi_result/hyper-db/api/hapi-java.library
2019-08-12 11:36:41,sjeyakumar,cmake,3.14.1,,D:/Dev/hyper-workspace/sj_hapi_result/hyper-db/api/hapi-py.library
2019-08-12 11:36:41,sjeyakumar,cmake,3.14.1,,D:/Dev/hyper-workspace/sj_hapi_result/hyper-db/api/eapi-py.library
2019-08-12 11:36:41,sjeyakumar,cmake,3.14.1,,D:/Dev/hyper-workspace/sj_hapi_result/hyper-db/api/hapi-cxx.library
2019-08-12 11:36:42,sjeyakumar,cmake,3.14.1,,D:/Dev/hyper-workspace/sj_hapi_result/hyper-db/api/hapi-dotnet.library
2019-08-12 11:36:49,sjeyakumar,cmake,3.14.1,,D:/Dev/hyper-workspace/sj_hapi_result/hyper-db/api/hapi-cxx.tests
2019-08-12 11:36:49,sjeyakumar,cmake,3.14.1,,D:/Dev/hyper-workspace/sj_hapi_result/hyper-db/api/hapi-cxx.tests
2019-08-12 11:37:45,sjeyakumar,cmake,3.14.1,,D:/Dev/hyper-workspace/sj_hapi_result/hyper-db/api/hapi-cxx.tests
2019-08-12 11:37:45,sjeyakumar,cmake,3.14.1,,D:/Dev/hyper-workspace/sj_hapi_result/hyper-db/api/hapi-cxx.tests
2019-08-14 16:53:15,sjeyakumar,cmake,3.14.1,,D:/Dev/hyper-workspace/sjeyakumar_java_inserter/hyper-db/api
2019-08-14 16:53:22,sjeyakumar,cmake,3.14.1,,D:/Dev/hyper-workspace/sjeyakumar_java_inserter/hyper-db/api/thirdparty.googletest
2019-08-14 16:53:22,sjeyakumar,cmake,3.14.1,,D:/Dev/hyper-workspace/sjeyakumar_java_inserter/hyper-db/api/thirdparty.googletest
2019-08-14 16:53:48,sjeyakumar,cmake,3.14.1,,D:/Dev/hyper-workspace/sjeyakumar_java_inserter/hyper-db/api/hapi-c.library
2019-08-14 16:53:48,sjeyakumar,cmake,3.14.1,,D:/Dev/hyper-workspace/sjeyakumar_java_inserter/hyper-db/api/thirdparty.googlebenchmark
2019-08-14 16:53:48,sjeyakumar,cmake,3.14.1,,D:/Dev/hyper-workspace/sjeyakumar_java_inserter/hyper-db/api/hapi-c.library
2019-08-14 16:53:59,sjeyakumar,cmake,3.14.1,,D:/Dev/hyper-workspace/sjeyakumar_java_inserter/hyper-db/api/thirdparty.googlebenchmark
2019-08-14 16:53:59,sjeyakumar,cmake,3.14.1,,D:/Dev/hyper-workspace/sjeyakumar_java_inserter/hyper-db/api/hapi-c.library
2019-08-14 16:53:59,sjeyakumar,cmake,3.14.1,,D:/Dev/hyper-workspace/sjeyakumar_java_inserter/hyper-db/api/hapi-c.library
2019-08-14 16:54:55,sjeyakumar,cmake,3.14.1,,D:/Dev/hyper-workspace/sjeyakumar_java_inserter/hyper-db/api/hapi-cxx.library
2019-08-14 16:54:55,sjeyakumar,cmake,3.14.1,,D:/Dev/hyper-workspace/sjeyakumar_java_inserter/hyper-db/api/hapi-java.library
2019-08-14 16:54:55,sjeyakumar,cmake,3.14.1,,D:/Dev/hyper-workspace/sjeyakumar_java_inserter/hyper-db/api/hapi-cxx.library
2019-08-14 16:55:21,sjeyakumar,cmake,3.14.1,,D:/Dev/hyper-workspace/sjeyakumar_java_inserter/hyper-db/api/hapi-cxx.library
2019-08-14 16:55:21,sjeyakumar,cmake,3.14.1,,D:/Dev/hyper-workspace/sjeyakumar_java_inserter/hyper-db/api/hapi-java.library
2019-08-14 16:55:21,sjeyakumar,cmake,3.14.1,,D:/Dev/hyper-workspace/sjeyakumar_java_inserter/hyper-db/api/hapi-cxx.library
2019-08-14 16:55:28,sjeyakumar,cmake,3.14.1,,D:/Dev/hyper-workspace/sjeyakumar_java_inserter/hyper-db/api/hapi-cxx.tests
2019-08-14 16:55:28,sjeyakumar,cmake,3.14.1,,D:/Dev/hyper-workspace/sjeyakumar_java_inserter/hyper-db/api/hapi-cxx.tests
2019-08-14 16:56:10,sjeyakumar,cmake,3.14.1,,D:/Dev/hyper-workspace/sjeyakumar_java_inserter/hyper-db/api/hapi-cxx.tests
2019-08-14 16:56:11,sjeyakumar,cmake,3.14.1,,D:/Dev/hyper-workspace/sjeyakumar_java_inserter/hyper-db/api/hapi-cxx.tests
2019-08-14 17:11:05,sjeyakumar,cmake,3.14.1,,D:/Dev/hyper-workspace/sjeyakumar_java_inserter/hyper-db/api
2019-08-14 17:11:13,sjeyakumar,cmake,3.14.1,,D:/Dev/hyper-workspace/sjeyakumar_java_inserter/hyper-db/api/thirdparty.googletest
2019-08-14 17:11:13,sjeyakumar,cmake,3.14.1,,D:/Dev/hyper-workspace/sjeyakumar_java_inserter/hyper-db/api/thirdparty.googletest
2019-08-14 17:11:38,sjeyakumar,cmake,3.14.1,,D:/Dev/hyper-workspace/sjeyakumar_java_inserter/hyper-db/api/thirdparty.googlebenchmark
2019-08-14 17:11:38,sjeyakumar,cmake,3.14.1,,D:/Dev/hyper-workspace/sjeyakumar_java_inserter/hyper-db/api/hapi-c.library
2019-08-14 17:11:38,sjeyakumar,cmake,3.14.1,,D:/Dev/hyper-workspace/sjeyakumar_java_inserter/hyper-db/api/hapi-c.library
2019-08-14 17:11:51,sjeyakumar,cmake,3.14.1,,D:/Dev/hyper-workspace/sjeyakumar_java_inserter/hyper-db/api/hapi-c.library
2019-08-14 17:11:51,sjeyakumar,cmake,3.14.1,,D:/Dev/hyper-workspace/sjeyakumar_java_inserter/hyper-db/api/hapi-c.library
2019-08-14 17:11:51,sjeyakumar,cmake,3.14.1,,D:/Dev/hyper-workspace/sjeyakumar_java_inserter/hyper-db/api/thirdparty.googlebenchmark
2019-08-14 17:12:43,sjeyakumar,cmake,3.14.1,,D:/Dev/hyper-workspace/sjeyakumar_java_inserter/hyper-db/api/hapi-cxx.library
2019-08-14 17:12:43,sjeyakumar,cmake,3.14.1,,D:/Dev/hyper-workspace/sjeyakumar_java_inserter/hyper-db/api/hapi-cxx.library
2019-08-14 17:12:43,sjeyakumar,cmake,3.14.1,,D:/Dev/hyper-workspace/sjeyakumar_java_inserter/hyper-db/api/hapi-java.library
2019-08-14 17:13:09,sjeyakumar,cmake,3.14.1,,D:/Dev/hyper-workspace/sjeyakumar_java_inserter/hyper-db/api/hapi-cxx.library
2019-08-14 17:13:10,sjeyakumar,cmake,3.14.1,,D:/Dev/hyper-workspace/sjeyakumar_java_inserter/hyper-db/api/hapi-java.library
2019-08-14 17:13:10,sjeyakumar,cmake,3.14.1,,D:/Dev/hyper-workspace/sjeyakumar_java_inserter/hyper-db/api/hapi-cxx.library
2019-08-14 17:13:16,sjeyakumar,cmake,3.14.1,,D:/Dev/hyper-workspace/sjeyakumar_java_inserter/hyper-db/api/hapi-cxx.tests
2019-08-14 17:13:17,sjeyakumar,cmake,3.14.1,,D:/Dev/hyper-workspace/sjeyakumar_java_inserter/hyper-db/api/hapi-cxx.tests
2019-08-14 17:13:57,sjeyakumar,cmake,3.14.1,,D:/Dev/hyper-workspace/sjeyakumar_java_inserter/hyper-db/api/hapi-cxx.tests
2019-08-14 17:13:59,sjeyakumar,cmake,3.14.1,,D:/Dev/hyper-workspace/sjeyakumar_java_inserter/hyper-db/api/hapi-cxx.tests
2019-08-16 11:07:55,sjeyakumar,cmake,3.14.1,,D:/Dev/hyper-workspace/sj_hapi_result/hyper-db/api
2019-08-16 11:08:02,sjeyakumar,cmake,3.14.1,,D:/Dev/hyper-workspace/sj_hapi_result/hyper-db/api/thirdparty.googletest
2019-08-16 11:08:02,sjeyakumar,cmake,3.14.1,,D:/Dev/hyper-workspace/sj_hapi_result/hyper-db/api/thirdparty.googletest
2019-08-16 11:08:25,sjeyakumar,cmake,3.14.1,,D:/Dev/hyper-workspace/sj_hapi_result/hyper-db/api/thirdparty.googlebenchmark
2019-08-16 11:08:25,sjeyakumar,cmake,3.14.1,,D:/Dev/hyper-workspace/sj_hapi_result/hyper-db/api/hapi-c.library
2019-08-16 11:08:25,sjeyakumar,cmake,3.14.1,,D:/Dev/hyper-workspace/sj_hapi_result/hyper-db/api/hapi-c.library
2019-08-16 11:08:44,sjeyakumar,cmake,3.14.1,,D:/Dev/hyper-workspace/sj_hapi_result/hyper-db/api/hapi-c.library
2019-08-16 11:08:45,sjeyakumar,cmake,3.14.1,,D:/Dev/hyper-workspace/sj_hapi_result/hyper-db/api/hapi-c.library
2019-08-16 11:08:45,sjeyakumar,cmake,3.14.1,,D:/Dev/hyper-workspace/sj_hapi_result/hyper-db/api/thirdparty.googlebenchmark
2019-08-16 11:10:20,sjeyakumar,cmake,3.14.1,,D:/Dev/hyper-workspace/sj_hapi_result/hyper-db/api/hapi-cxx.library
2019-08-16 11:10:24,sjeyakumar,cmake,3.14.1,,D:/Dev/hyper-workspace/sj_hapi_result/hyper-db/api/hapi-java.library
2019-08-16 11:10:24,sjeyakumar,cmake,3.14.1,,D:/Dev/hyper-workspace/sj_hapi_result/hyper-db/api/hapi-cxx.library
2019-08-16 11:11:03,sjeyakumar,cmake,3.14.1,,D:/Dev/hyper-workspace/sj_hapi_result/hyper-db/api/eapi-py.library
2019-08-16 11:11:04,sjeyakumar,cmake,3.14.1,,D:/Dev/hyper-workspace/sj_hapi_result/hyper-db/api/hapi-cxx.library
2019-08-16 11:11:11,sjeyakumar,cmake,3.14.1,,D:/Dev/hyper-workspace/sj_hapi_result/hyper-db/api/hapi-cxx.library
2019-08-16 11:11:12,sjeyakumar,cmake,3.14.1,,D:/Dev/hyper-workspace/sj_hapi_result/hyper-db/api/hapi-py.library
2019-08-16 11:11:12,sjeyakumar,cmake,3.14.1,,D:/Dev/hyper-workspace/sj_hapi_result/hyper-db/api/hapi-java.library
2019-08-16 11:11:13,sjeyakumar,cmake,3.14.1,,D:/Dev/hyper-workspace/sj_hapi_result/hyper-db/api/hapi-dotnet.library
2019-08-16 11:11:25,sjeyakumar,cmake,3.14.1,,D:/Dev/hyper-workspace/sj_hapi_result/hyper-db/api/hapi-cxx.tests
2019-08-16 11:11:32,sjeyakumar,cmake,3.14.1,,D:/Dev/hyper-workspace/sj_hapi_result/hyper-db/api/hapi-cxx.tests
2019-08-16 11:12:53,sjeyakumar,cmake,3.14.1,,D:/Dev/hyper-workspace/sj_hapi_result/hyper-db/api/hapi-cxx.tests
2019-08-16 11:12:56,sjeyakumar,cmake,3.14.1,,D:/Dev/hyper-workspace/sj_hapi_result/hyper-db/api/hapi-cxx.tests
2019-08-16 11:54:37,sjeyakumar,cmake,3.14.1,,D:/Dev/hyper-workspace/sj_hapi_result/hyper-db/api
2019-08-16 11:54:44,sjeyakumar,cmake,3.14.1,,D:/Dev/hyper-workspace/sj_hapi_result/hyper-db/api/thirdparty.googletest
2019-08-16 11:54:44,sjeyakumar,cmake,3.14.1,,D:/Dev/hyper-workspace/sj_hapi_result/hyper-db/api/thirdparty.googletest
2019-08-16 11:55:08,sjeyakumar,cmake,3.14.1,,D:/Dev/hyper-workspace/sj_hapi_result/hyper-db/api/hapi-c.library
2019-08-16 11:55:08,sjeyakumar,cmake,3.14.1,,D:/Dev/hyper-workspace/sj_hapi_result/hyper-db/api/thirdparty.googlebenchmark
2019-08-16 11:55:08,sjeyakumar,cmake,3.14.1,,D:/Dev/hyper-workspace/sj_hapi_result/hyper-db/api/hapi-c.library
2019-08-16 11:55:25,sjeyakumar,cmake,3.14.1,,D:/Dev/hyper-workspace/sj_hapi_result/hyper-db/api/hapi-c.library
2019-08-16 11:55:25,sjeyakumar,cmake,3.14.1,,D:/Dev/hyper-workspace/sj_hapi_result/hyper-db/api/thirdparty.googlebenchmark
2019-08-16 11:55:26,sjeyakumar,cmake,3.14.1,,D:/Dev/hyper-workspace/sj_hapi_result/hyper-db/api/hapi-c.library
2019-08-16 11:57:06,sjeyakumar,cmake,3.14.1,,D:/Dev/hyper-workspace/sj_hapi_result/hyper-db/api/hapi-cxx.library
2019-08-16 11:57:07,sjeyakumar,cmake,3.14.1,,D:/Dev/hyper-workspace/sj_hapi_result/hyper-db/api/hapi-cxx.library
2019-08-16 11:57:07,sjeyakumar,cmake,3.14.1,,D:/Dev/hyper-workspace/sj_hapi_result/hyper-db/api/hapi-java.library
2019-08-16 11:57:45,sjeyakumar,cmake,3.14.1,,D:/Dev/hyper-workspace/sj_hapi_result/hyper-db/api/eapi-py.library
2019-08-16 11:57:46,sjeyakumar,cmake,3.14.1,,D:/Dev/hyper-workspace/sj_hapi_result/hyper-db/api/hapi-cxx.library
2019-08-16 11:57:46,sjeyakumar,cmake,3.14.1,,D:/Dev/hyper-workspace/sj_hapi_result/hyper-db/api/hapi-cxx.library
2019-08-16 11:57:46,sjeyakumar,cmake,3.14.1,,D:/Dev/hyper-workspace/sj_hapi_result/hyper-db/api/hapi-py.library
2019-08-16 11:57:47,sjeyakumar,cmake,3.14.1,,D:/Dev/hyper-workspace/sj_hapi_result/hyper-db/api/hapi-java.library
2019-08-16 11:57:48,sjeyakumar,cmake,3.14.1,,D:/Dev/hyper-workspace/sj_hapi_result/hyper-db/api/hapi-dotnet.library
2019-08-16 11:58:17,sjeyakumar,cmake,3.14.1,,D:/Dev/hyper-workspace/sj_hapi_result/hyper-db/api/hapi-cxx.tests
2019-08-16 11:58:20,sjeyakumar,cmake,3.14.1,,D:/Dev/hyper-workspace/sj_hapi_result/hyper-db/api/hapi-cxx.tests
2019-08-16 11:59:32,sjeyakumar,cmake,3.14.1,,D:/Dev/hyper-workspace/sj_hapi_result/hyper-db/api/hapi-cxx.tests
2019-08-16 11:59:34,sjeyakumar,cmake,3.14.1,,D:/Dev/hyper-workspace/sj_hapi_result/hyper-db/api/hapi-cxx.tests
2019-08-16 12:33:12,sjeyakumar,cmake,3.14.1,,D:/Dev/hyper-workspace/sj_java_inserter/hyper-db/api
2019-08-16 12:33:19,sjeyakumar,cmake,3.14.1,,D:/Dev/hyper-workspace/sj_java_inserter/hyper-db/api/thirdparty.googletest
2019-08-16 12:33:19,sjeyakumar,cmake,3.14.1,,D:/Dev/hyper-workspace/sj_java_inserter/hyper-db/api/thirdparty.googletest
2019-08-16 12:33:44,sjeyakumar,cmake,3.14.1,,D:/Dev/hyper-workspace/sj_java_inserter/hyper-db/api/thirdparty.googlebenchmark
2019-08-16 12:33:44,sjeyakumar,cmake,3.14.1,,D:/Dev/hyper-workspace/sj_java_inserter/hyper-db/api/hapi-c.library
2019-08-16 12:33:45,sjeyakumar,cmake,3.14.1,,D:/Dev/hyper-workspace/sj_java_inserter/hyper-db/api/hapi-c.library
2019-08-16 12:33:55,sjeyakumar,cmake,3.14.1,,D:/Dev/hyper-workspace/sj_java_inserter/hyper-db/api/thirdparty.googlebenchmark
2019-08-16 12:33:55,sjeyakumar,cmake,3.14.1,,D:/Dev/hyper-workspace/sj_java_inserter/hyper-db/api/hapi-c.library
2019-08-16 12:33:55,sjeyakumar,cmake,3.14.1,,D:/Dev/hyper-workspace/sj_java_inserter/hyper-db/api/hapi-c.library
2019-08-16 12:34:48,sjeyakumar,cmake,3.14.1,,D:/Dev/hyper-workspace/sj_java_inserter/hyper-db/api/hapi-cxx.library
2019-08-16 12:34:49,sjeyakumar,cmake,3.14.1,,D:/Dev/hyper-workspace/sj_java_inserter/hyper-db/api/hapi-cxx.library
2019-08-16 12:34:49,sjeyakumar,cmake,3.14.1,,D:/Dev/hyper-workspace/sj_java_inserter/hyper-db/api/hapi-java.library
2019-08-16 12:35:12,sjeyakumar,cmake,3.14.1,,D:/Dev/hyper-workspace/sj_java_inserter/hyper-db/api/hapi-cxx.library
2019-08-16 12:35:12,sjeyakumar,cmake,3.14.1,,D:/Dev/hyper-workspace/sj_java_inserter/hyper-db/api/hapi-java.library
2019-08-16 12:35:12,sjeyakumar,cmake,3.14.1,,D:/Dev/hyper-workspace/sj_java_inserter/hyper-db/api/hapi-cxx.library
2019-08-16 12:35:18,sjeyakumar,cmake,3.14.1,,D:/Dev/hyper-workspace/sj_java_inserter/hyper-db/api/hapi-cxx.tests
2019-08-16 12:35:19,sjeyakumar,cmake,3.14.1,,D:/Dev/hyper-workspace/sj_java_inserter/hyper-db/api/hapi-cxx.tests
2019-08-16 12:35:58,sjeyakumar,cmake,3.14.1,,D:/Dev/hyper-workspace/sj_java_inserter/hyper-db/api/hapi-cxx.tests
2019-08-16 12:35:59,sjeyakumar,cmake,3.14.1,,D:/Dev/hyper-workspace/sj_java_inserter/hyper-db/api/hapi-cxx.tests
2019-08-20 16:14:08,sjeyakumar,cmake,3.14.1,,D:/Dev/hyper-workspace/sj_dotnet_inserter/hyper-db/api
2019-08-20 16:14:15,sjeyakumar,cmake,3.14.1,,D:/Dev/hyper-workspace/sj_dotnet_inserter/hyper-db/api/thirdparty.googletest
2019-08-20 16:14:15,sjeyakumar,cmake,3.14.1,,D:/Dev/hyper-workspace/sj_dotnet_inserter/hyper-db/api/thirdparty.googletest
2019-08-20 16:14:40,sjeyakumar,cmake,3.14.1,,D:/Dev/hyper-workspace/sj_dotnet_inserter/hyper-db/api/hapi-c.library
2019-08-20 16:14:40,sjeyakumar,cmake,3.14.1,,D:/Dev/hyper-workspace/sj_dotnet_inserter/hyper-db/api/hapi-c.library
2019-08-20 16:14:41,sjeyakumar,cmake,3.14.1,,D:/Dev/hyper-workspace/sj_dotnet_inserter/hyper-db/api/thirdparty.googlebenchmark
2019-08-20 16:14:51,sjeyakumar,cmake,3.14.1,,D:/Dev/hyper-workspace/sj_dotnet_inserter/hyper-db/api/hapi-c.library
2019-08-20 16:14:51,sjeyakumar,cmake,3.14.1,,D:/Dev/hyper-workspace/sj_dotnet_inserter/hyper-db/api/thirdparty.googlebenchmark
2019-08-20 16:14:51,sjeyakumar,cmake,3.14.1,,D:/Dev/hyper-workspace/sj_dotnet_inserter/hyper-db/api/hapi-c.library
2019-08-20 16:15:44,sjeyakumar,cmake,3.14.1,,D:/Dev/hyper-workspace/sj_dotnet_inserter/hyper-db/api/hapi-cxx.library
2019-08-20 16:15:45,sjeyakumar,cmake,3.14.1,,D:/Dev/hyper-workspace/sj_dotnet_inserter/hyper-db/api/hapi-cxx.library
2019-08-20 16:15:45,sjeyakumar,cmake,3.14.1,,D:/Dev/hyper-workspace/sj_dotnet_inserter/hyper-db/api/hapi-java.library
2019-08-20 16:16:09,sjeyakumar,cmake,3.14.1,,D:/Dev/hyper-workspace/sj_dotnet_inserter/hyper-db/api/hapi-cxx.library
2019-08-20 16:16:09,sjeyakumar,cmake,3.14.1,,D:/Dev/hyper-workspace/sj_dotnet_inserter/hyper-db/api/hapi-py.library
2019-08-20 16:16:09,sjeyakumar,cmake,3.14.1,,D:/Dev/hyper-workspace/sj_dotnet_inserter/hyper-db/api/eapi-py.library
2019-08-20 16:16:09,sjeyakumar,cmake,3.14.1,,D:/Dev/hyper-workspace/sj_dotnet_inserter/hyper-db/api/hapi-java.library
2019-08-20 16:16:09,sjeyakumar,cmake,3.14.1,,D:/Dev/hyper-workspace/sj_dotnet_inserter/hyper-db/api/hapi-cxx.library
2019-08-20 16:16:10,sjeyakumar,cmake,3.14.1,,D:/Dev/hyper-workspace/sj_dotnet_inserter/hyper-db/api/hapi-dotnet.library
2019-08-20 16:16:16,sjeyakumar,cmake,3.14.1,,D:/Dev/hyper-workspace/sj_dotnet_inserter/hyper-db/api/hapi-cxx.tests
2019-08-20 16:16:17,sjeyakumar,cmake,3.14.1,,D:/Dev/hyper-workspace/sj_dotnet_inserter/hyper-db/api/hapi-cxx.tests
2019-08-20 16:17:01,sjeyakumar,cmake,3.14.1,,D:/Dev/hyper-workspace/sj_dotnet_inserter/hyper-db/api/hapi-cxx.tests
2019-08-20 16:17:01,sjeyakumar,cmake,3.14.1,,D:/Dev/hyper-workspace/sj_dotnet_inserter/hyper-db/api/hapi-cxx.tests
2019-08-20 16:29:31,sjeyakumar,cmake,3.14.1,,D:/Dev/hyper-workspace/sj_dotnet_inserter/hyper-db/api
2019-08-20 16:29:39,sjeyakumar,cmake,3.14.1,,D:/Dev/hyper-workspace/sj_dotnet_inserter/hyper-db/api/thirdparty.googletest
2019-08-20 16:29:39,sjeyakumar,cmake,3.14.1,,D:/Dev/hyper-workspace/sj_dotnet_inserter/hyper-db/api/thirdparty.googletest
2019-08-20 16:30:06,sjeyakumar,cmake,3.14.1,,D:/Dev/hyper-workspace/sj_dotnet_inserter/hyper-db/api/thirdparty.googlebenchmark
2019-08-20 16:30:06,sjeyakumar,cmake,3.14.1,,D:/Dev/hyper-workspace/sj_dotnet_inserter/hyper-db/api/hapi-c.library
2019-08-20 16:30:06,sjeyakumar,cmake,3.14.1,,D:/Dev/hyper-workspace/sj_dotnet_inserter/hyper-db/api/hapi-c.library
2019-08-20 16:30:18,sjeyakumar,cmake,3.14.1,,D:/Dev/hyper-workspace/sj_dotnet_inserter/hyper-db/api/hapi-c.library
2019-08-20 16:30:18,sjeyakumar,cmake,3.14.1,,D:/Dev/hyper-workspace/sj_dotnet_inserter/hyper-db/api/hapi-c.library
2019-08-20 16:30:18,sjeyakumar,cmake,3.14.1,,D:/Dev/hyper-workspace/sj_dotnet_inserter/hyper-db/api/thirdparty.googlebenchmark
2019-08-20 16:31:10,sjeyakumar,cmake,3.14.1,,D:/Dev/hyper-workspace/sj_dotnet_inserter/hyper-db/api/hapi-cxx.library
2019-08-20 16:31:11,sjeyakumar,cmake,3.14.1,,D:/Dev/hyper-workspace/sj_dotnet_inserter/hyper-db/api/hapi-java.library
2019-08-20 16:31:11,sjeyakumar,cmake,3.14.1,,D:/Dev/hyper-workspace/sj_dotnet_inserter/hyper-db/api/hapi-cxx.library
2019-08-20 16:31:36,sjeyakumar,cmake,3.14.1,,D:/Dev/hyper-workspace/sj_dotnet_inserter/hyper-db/api/hapi-py.library
2019-08-20 16:31:36,sjeyakumar,cmake,3.14.1,,D:/Dev/hyper-workspace/sj_dotnet_inserter/hyper-db/api/hapi-cxx.library
2019-08-20 16:31:36,sjeyakumar,cmake,3.14.1,,D:/Dev/hyper-workspace/sj_dotnet_inserter/hyper-db/api/hapi-java.library
2019-08-20 16:31:36,sjeyakumar,cmake,3.14.1,,D:/Dev/hyper-workspace/sj_dotnet_inserter/hyper-db/api/hapi-dotnet.library
2019-08-20 16:31:36,sjeyakumar,cmake,3.14.1,,D:/Dev/hyper-workspace/sj_dotnet_inserter/hyper-db/api/hapi-cxx.library
2019-08-20 16:31:36,sjeyakumar,cmake,3.14.1,,D:/Dev/hyper-workspace/sj_dotnet_inserter/hyper-db/api/eapi-py.library
2019-08-20 16:31:41,sjeyakumar,cmake,3.14.1,,D:/Dev/hyper-workspace/sj_dotnet_inserter/hyper-db/api/hapi-cxx.tests
2019-08-20 16:31:41,sjeyakumar,cmake,3.14.1,,D:/Dev/hyper-workspace/sj_dotnet_inserter/hyper-db/api/hapi-cxx.tests
2019-08-26 12:45:09,sjeyakumar,cmake,3.14.1,,D:/Dev/hyper-workspace/sj_release_2019_3/hyper-db/api
2019-08-26 12:45:18,sjeyakumar,cmake,3.14.1,,D:/Dev/hyper-workspace/sj_release_2019_3/hyper-db/api/thirdparty.googletest
2019-08-26 12:45:18,sjeyakumar,cmake,3.14.1,,D:/Dev/hyper-workspace/sj_release_2019_3/hyper-db/api/thirdparty.googletest
2019-08-26 12:45:46,sjeyakumar,cmake,3.14.1,,D:/Dev/hyper-workspace/sj_release_2019_3/hyper-db/api/thirdparty.googlebenchmark
2019-08-26 12:45:47,sjeyakumar,cmake,3.14.1,,D:/Dev/hyper-workspace/sj_release_2019_3/hyper-db/api/hapi-c.library
2019-08-26 12:45:47,sjeyakumar,cmake,3.14.1,,D:/Dev/hyper-workspace/sj_release_2019_3/hyper-db/api/hapi-c.library
2019-08-26 12:45:57,sjeyakumar,cmake,3.14.1,,D:/Dev/hyper-workspace/sj_release_2019_3/hyper-db/api/hapi-c.library
2019-08-26 12:45:57,sjeyakumar,cmake,3.14.1,,D:/Dev/hyper-workspace/sj_release_2019_3/hyper-db/api/hapi-c.library
2019-08-26 12:45:57,sjeyakumar,cmake,3.14.1,,D:/Dev/hyper-workspace/sj_release_2019_3/hyper-db/api/thirdparty.googlebenchmark
2019-08-26 12:46:50,sjeyakumar,cmake,3.14.1,,D:/Dev/hyper-workspace/sj_release_2019_3/hyper-db/api/hapi-cxx.library
2019-08-26 12:46:51,sjeyakumar,cmake,3.14.1,,D:/Dev/hyper-workspace/sj_release_2019_3/hyper-db/api/hapi-cxx.library
2019-08-26 12:46:51,sjeyakumar,cmake,3.14.1,,D:/Dev/hyper-workspace/sj_release_2019_3/hyper-db/api/hapi-java.library
2019-08-26 12:47:15,sjeyakumar,cmake,3.14.1,,D:/Dev/hyper-workspace/sj_release_2019_3/hyper-db/api/hapi-cxx.library
2019-08-26 12:47:15,sjeyakumar,cmake,3.14.1,,D:/Dev/hyper-workspace/sj_release_2019_3/hyper-db/api/hapi-cxx.library
2019-08-26 12:47:15,sjeyakumar,cmake,3.14.1,,D:/Dev/hyper-workspace/sj_release_2019_3/hyper-db/api/hapi-dotnet.library
2019-08-26 12:47:15,sjeyakumar,cmake,3.14.1,,D:/Dev/hyper-workspace/sj_release_2019_3/hyper-db/api/hapi-py.library
2019-08-26 12:47:15,sjeyakumar,cmake,3.14.1,,D:/Dev/hyper-workspace/sj_release_2019_3/hyper-db/api/eapi-py.library
2019-08-26 12:47:15,sjeyakumar,cmake,3.14.1,,D:/Dev/hyper-workspace/sj_release_2019_3/hyper-db/api/hapi-java.library
2019-08-26 12:47:22,sjeyakumar,cmake,3.14.1,,D:/Dev/hyper-workspace/sj_release_2019_3/hyper-db/api/hapi-cxx.tests
2019-08-26 12:47:22,sjeyakumar,cmake,3.14.1,,D:/Dev/hyper-workspace/sj_release_2019_3/hyper-db/api/hapi-cxx.tests
2019-08-26 12:48:05,sjeyakumar,cmake,3.14.1,,D:/Dev/hyper-workspace/sj_release_2019_3/hyper-db/api/hapi-cxx.tests
2019-08-26 12:48:07,sjeyakumar,cmake,3.14.1,,D:/Dev/hyper-workspace/sj_release_2019_3/hyper-db/api/hapi-cxx.tests
2019-08-27 16:08:00,sjeyakumar,cmake,3.14.1,,D:/Dev/hyper-workspace/sj_objectstore/hyper-db/api
2019-08-27 16:08:08,sjeyakumar,cmake,3.14.1,,D:/Dev/hyper-workspace/sj_objectstore/hyper-db/api/thirdparty.googletest
2019-08-27 16:08:08,sjeyakumar,cmake,3.14.1,,D:/Dev/hyper-workspace/sj_objectstore/hyper-db/api/thirdparty.googletest
2019-08-27 16:08:37,sjeyakumar,cmake,3.14.1,,D:/Dev/hyper-workspace/sj_objectstore/hyper-db/api/hapi-c.library
2019-08-27 16:08:37,sjeyakumar,cmake,3.14.1,,D:/Dev/hyper-workspace/sj_objectstore/hyper-db/api/hapi-c.library
2019-08-27 16:08:37,sjeyakumar,cmake,3.14.1,,D:/Dev/hyper-workspace/sj_objectstore/hyper-db/api/thirdparty.googlebenchmark
2019-08-27 16:08:49,sjeyakumar,cmake,3.14.1,,D:/Dev/hyper-workspace/sj_objectstore/hyper-db/api/thirdparty.googlebenchmark
2019-08-27 16:08:49,sjeyakumar,cmake,3.14.1,,D:/Dev/hyper-workspace/sj_objectstore/hyper-db/api/hapi-c.library
2019-08-27 16:08:49,sjeyakumar,cmake,3.14.1,,D:/Dev/hyper-workspace/sj_objectstore/hyper-db/api/hapi-c.library
2019-08-27 16:09:45,sjeyakumar,cmake,3.14.1,,D:/Dev/hyper-workspace/sj_objectstore/hyper-db/api/hapi-cxx.library
2019-08-27 16:09:46,sjeyakumar,cmake,3.14.1,,D:/Dev/hyper-workspace/sj_objectstore/hyper-db/api/hapi-java.library
2019-08-27 16:09:46,sjeyakumar,cmake,3.14.1,,D:/Dev/hyper-workspace/sj_objectstore/hyper-db/api/hapi-cxx.library
2019-08-27 16:10:11,sjeyakumar,cmake,3.14.1,,D:/Dev/hyper-workspace/sj_objectstore/hyper-db/api/eapi-py.library
2019-08-27 16:10:11,sjeyakumar,cmake,3.14.1,,D:/Dev/hyper-workspace/sj_objectstore/hyper-db/api/hapi-cxx.library
2019-08-27 16:10:12,sjeyakumar,cmake,3.14.1,,D:/Dev/hyper-workspace/sj_objectstore/hyper-db/api/hapi-cxx.library
2019-08-27 16:10:12,sjeyakumar,cmake,3.14.1,,D:/Dev/hyper-workspace/sj_objectstore/hyper-db/api/hapi-py.library
2019-08-27 16:10:12,sjeyakumar,cmake,3.14.1,,D:/Dev/hyper-workspace/sj_objectstore/hyper-db/api/hapi-dotnet.library
2019-08-27 16:10:12,sjeyakumar,cmake,3.14.1,,D:/Dev/hyper-workspace/sj_objectstore/hyper-db/api/hapi-java.library
2019-08-27 16:10:18,sjeyakumar,cmake,3.14.1,,D:/Dev/hyper-workspace/sj_objectstore/hyper-db/api/hapi-cxx.tests
2019-08-27 16:10:18,sjeyakumar,cmake,3.14.1,,D:/Dev/hyper-workspace/sj_objectstore/hyper-db/api/hapi-cxx.tests
2019-08-27 16:11:06,sjeyakumar,cmake,3.14.1,,D:/Dev/hyper-workspace/sj_objectstore/hyper-db/api/hapi-cxx.tests
2019-08-27 16:11:09,sjeyakumar,cmake,3.14.1,,D:/Dev/hyper-workspace/sj_objectstore/hyper-db/api/hapi-cxx.tests
2019-08-27 16:35:39,sjeyakumar,cmake,3.14.1,,D:/Dev/hyper-workspace/sj_objectstore/hyper-db/api
2019-08-27 16:35:49,sjeyakumar,cmake,3.14.1,,D:/Dev/hyper-workspace/sj_objectstore/hyper-db/api/thirdparty.googletest
2019-08-27 16:35:49,sjeyakumar,cmake,3.14.1,,D:/Dev/hyper-workspace/sj_objectstore/hyper-db/api/thirdparty.googletest
2019-08-27 16:36:23,sjeyakumar,cmake,3.14.1,,D:/Dev/hyper-workspace/sj_objectstore/hyper-db/api/hapi-c.library
2019-08-27 16:36:23,sjeyakumar,cmake,3.14.1,,D:/Dev/hyper-workspace/sj_objectstore/hyper-db/api/hapi-c.library
2019-08-27 16:36:23,sjeyakumar,cmake,3.14.1,,D:/Dev/hyper-workspace/sj_objectstore/hyper-db/api/thirdparty.googlebenchmark
2019-08-27 16:36:35,sjeyakumar,cmake,3.14.1,,D:/Dev/hyper-workspace/sj_objectstore/hyper-db/api/thirdparty.googlebenchmark
2019-08-27 16:36:35,sjeyakumar,cmake,3.14.1,,D:/Dev/hyper-workspace/sj_objectstore/hyper-db/api/hapi-c.library
2019-08-27 16:36:35,sjeyakumar,cmake,3.14.1,,D:/Dev/hyper-workspace/sj_objectstore/hyper-db/api/hapi-c.library
2019-08-27 16:37:31,sjeyakumar,cmake,3.14.1,,D:/Dev/hyper-workspace/sj_objectstore/hyper-db/api/hapi-cxx.library
2019-08-27 16:37:32,sjeyakumar,cmake,3.14.1,,D:/Dev/hyper-workspace/sj_objectstore/hyper-db/api/hapi-cxx.library
2019-08-27 16:37:32,sjeyakumar,cmake,3.14.1,,D:/Dev/hyper-workspace/sj_objectstore/hyper-db/api/hapi-java.library
2019-08-27 16:37:58,sjeyakumar,cmake,3.14.1,,D:/Dev/hyper-workspace/sj_objectstore/hyper-db/api/hapi-cxx.library
2019-08-27 16:37:58,sjeyakumar,cmake,3.14.1,,D:/Dev/hyper-workspace/sj_objectstore/hyper-db/api/hapi-py.library
2019-08-27 16:37:59,sjeyakumar,cmake,3.14.1,,D:/Dev/hyper-workspace/sj_objectstore/hyper-db/api/hapi-cxx.library
2019-08-27 16:37:59,sjeyakumar,cmake,3.14.1,,D:/Dev/hyper-workspace/sj_objectstore/hyper-db/api/hapi-java.library
2019-08-27 16:37:59,sjeyakumar,cmake,3.14.1,,D:/Dev/hyper-workspace/sj_objectstore/hyper-db/api/eapi-py.library
2019-08-27 16:37:59,sjeyakumar,cmake,3.14.1,,D:/Dev/hyper-workspace/sj_objectstore/hyper-db/api/hapi-dotnet.library
2019-08-27 16:38:06,sjeyakumar,cmake,3.14.1,,D:/Dev/hyper-workspace/sj_objectstore/hyper-db/api/hapi-cxx.tests
2019-08-27 16:38:06,sjeyakumar,cmake,3.14.1,,D:/Dev/hyper-workspace/sj_objectstore/hyper-db/api/hapi-cxx.tests
2019-08-27 16:38:54,sjeyakumar,cmake,3.14.1,,D:/Dev/hyper-workspace/sj_objectstore/hyper-db/api/hapi-cxx.tests
2019-08-27 16:38:55,sjeyakumar,cmake,3.14.1,,D:/Dev/hyper-workspace/sj_objectstore/hyper-db/api/hapi-cxx.tests
2019-08-29 11:04:32,sjeyakumar,cmake,3.14.1,,D:/Dev/hyper-workspace/sj_957227/hyper-db/api
2019-08-29 11:04:40,sjeyakumar,cmake,3.14.1,,D:/Dev/hyper-workspace/sj_957227/hyper-db/api/thirdparty.googletest
2019-08-29 11:04:40,sjeyakumar,cmake,3.14.1,,D:/Dev/hyper-workspace/sj_957227/hyper-db/api/thirdparty.googletest
2019-08-29 11:05:09,sjeyakumar,cmake,3.14.1,,D:/Dev/hyper-workspace/sj_957227/hyper-db/api/thirdparty.googlebenchmark
2019-08-29 11:05:09,sjeyakumar,cmake,3.14.1,,D:/Dev/hyper-workspace/sj_957227/hyper-db/api/hapi-c.library
2019-08-29 11:05:09,sjeyakumar,cmake,3.14.1,,D:/Dev/hyper-workspace/sj_957227/hyper-db/api/hapi-c.library
2019-08-29 11:05:21,sjeyakumar,cmake,3.14.1,,D:/Dev/hyper-workspace/sj_957227/hyper-db/api/thirdparty.googlebenchmark
2019-08-29 11:05:21,sjeyakumar,cmake,3.14.1,,D:/Dev/hyper-workspace/sj_957227/hyper-db/api/hapi-c.library
2019-08-29 11:05:21,sjeyakumar,cmake,3.14.1,,D:/Dev/hyper-workspace/sj_957227/hyper-db/api/hapi-c.library
2019-08-29 11:06:20,sjeyakumar,cmake,3.14.1,,D:/Dev/hyper-workspace/sj_957227/hyper-db/api/hapi-cxx.library
2019-08-29 11:06:21,sjeyakumar,cmake,3.14.1,,D:/Dev/hyper-workspace/sj_957227/hyper-db/api/hapi-cxx.library
2019-08-29 11:06:21,sjeyakumar,cmake,3.14.1,,D:/Dev/hyper-workspace/sj_957227/hyper-db/api/hapi-java.library
2019-08-29 11:06:46,sjeyakumar,cmake,3.14.1,,D:/Dev/hyper-workspace/sj_957227/hyper-db/api/eapi-py.library
2019-08-29 11:06:46,sjeyakumar,cmake,3.14.1,,D:/Dev/hyper-workspace/sj_957227/hyper-db/api/hapi-cxx.library
2019-08-29 11:06:47,sjeyakumar,cmake,3.14.1,,D:/Dev/hyper-workspace/sj_957227/hyper-db/api/hapi-dotnet.library
2019-08-29 11:06:47,sjeyakumar,cmake,3.14.1,,D:/Dev/hyper-workspace/sj_957227/hyper-db/api/hapi-java.library
2019-08-29 11:06:47,sjeyakumar,cmake,3.14.1,,D:/Dev/hyper-workspace/sj_957227/hyper-db/api/hapi-cxx.library
2019-08-29 11:06:47,sjeyakumar,cmake,3.14.1,,D:/Dev/hyper-workspace/sj_957227/hyper-db/api/hapi-py.library
2019-08-29 11:06:54,sjeyakumar,cmake,3.14.1,,D:/Dev/hyper-workspace/sj_957227/hyper-db/api/hapi-cxx.tests
2019-08-29 11:06:54,sjeyakumar,cmake,3.14.1,,D:/Dev/hyper-workspace/sj_957227/hyper-db/api/hapi-cxx.tests
2019-08-29 11:07:40,sjeyakumar,cmake,3.14.1,,D:/Dev/hyper-workspace/sj_957227/hyper-db/api/hapi-cxx.tests
2019-08-29 11:07:40,sjeyakumar,cmake,3.14.1,,D:/Dev/hyper-workspace/sj_957227/hyper-db/api/hapi-cxx.tests
2019-09-02 14:59:28,sjeyakumar,cmake,3.14.1,,D:/Dev/hyper-workspace/sjeyakumar_defects/hyper-db/api
2019-09-02 14:59:35,sjeyakumar,cmake,3.14.1,,D:/Dev/hyper-workspace/sjeyakumar_defects/hyper-db/api/thirdparty.googletest
2019-09-02 14:59:35,sjeyakumar,cmake,3.14.1,,D:/Dev/hyper-workspace/sjeyakumar_defects/hyper-db/api/thirdparty.googletest
2019-09-02 15:00:02,sjeyakumar,cmake,3.14.1,,D:/Dev/hyper-workspace/sjeyakumar_defects/hyper-db/api/hapi-c.library
2019-09-02 15:00:02,sjeyakumar,cmake,3.14.1,,D:/Dev/hyper-workspace/sjeyakumar_defects/hyper-db/api/thirdparty.googlebenchmark
2019-09-02 15:00:02,sjeyakumar,cmake,3.14.1,,D:/Dev/hyper-workspace/sjeyakumar_defects/hyper-db/api/hapi-c.library
2019-09-02 15:00:13,sjeyakumar,cmake,3.14.1,,D:/Dev/hyper-workspace/sjeyakumar_defects/hyper-db/api/hapi-c.library
2019-09-02 15:00:13,sjeyakumar,cmake,3.14.1,,D:/Dev/hyper-workspace/sjeyakumar_defects/hyper-db/api/thirdparty.googlebenchmark
2019-09-02 15:00:13,sjeyakumar,cmake,3.14.1,,D:/Dev/hyper-workspace/sjeyakumar_defects/hyper-db/api/hapi-c.library
2019-09-02 15:01:06,sjeyakumar,cmake,3.14.1,,D:/Dev/hyper-workspace/sjeyakumar_defects/hyper-db/api/hapi-cxx.library
2019-09-02 15:01:06,sjeyakumar,cmake,3.14.1,,D:/Dev/hyper-workspace/sjeyakumar_defects/hyper-db/api/hapi-java.library
2019-09-02 15:01:06,sjeyakumar,cmake,3.14.1,,D:/Dev/hyper-workspace/sjeyakumar_defects/hyper-db/api/hapi-cxx.library
2019-09-02 15:01:30,sjeyakumar,cmake,3.14.1,,D:/Dev/hyper-workspace/sjeyakumar_defects/hyper-db/api/hapi-cxx.library
2019-09-02 15:01:30,sjeyakumar,cmake,3.14.1,,D:/Dev/hyper-workspace/sjeyakumar_defects/hyper-db/api/hapi-py.library
2019-09-02 15:01:30,sjeyakumar,cmake,3.14.1,,D:/Dev/hyper-workspace/sjeyakumar_defects/hyper-db/api/hapi-cxx.library
2019-09-02 15:01:30,sjeyakumar,cmake,3.14.1,,D:/Dev/hyper-workspace/sjeyakumar_defects/hyper-db/api/hapi-java.library
2019-09-02 15:01:31,sjeyakumar,cmake,3.14.1,,D:/Dev/hyper-workspace/sjeyakumar_defects/hyper-db/api/eapi-py.library
2019-09-02 15:01:31,sjeyakumar,cmake,3.14.1,,D:/Dev/hyper-workspace/sjeyakumar_defects/hyper-db/api/hapi-dotnet.library
2019-09-02 15:01:36,sjeyakumar,cmake,3.14.1,,D:/Dev/hyper-workspace/sjeyakumar_defects/hyper-db/api/hapi-cxx.tests
2019-09-02 15:01:37,sjeyakumar,cmake,3.14.1,,D:/Dev/hyper-workspace/sjeyakumar_defects/hyper-db/api/hapi-cxx.tests
2019-09-02 15:02:23,sjeyakumar,cmake,3.14.1,,D:/Dev/hyper-workspace/sjeyakumar_defects/hyper-db/api/hapi-cxx.tests
2019-09-02 15:02:23,sjeyakumar,cmake,3.14.1,,D:/Dev/hyper-workspace/sjeyakumar_defects/hyper-db/api/hapi-cxx.tests
2019-09-05 14:33:29,sjeyakumar,cmake,3.14.1,,D:/Dev/hyper-workspace/sjeyakumar_defects/hyper-db/api
2019-09-05 14:33:37,sjeyakumar,cmake,3.14.1,,D:/Dev/hyper-workspace/sjeyakumar_defects/hyper-db/api/thirdparty.googletest
2019-09-05 14:33:37,sjeyakumar,cmake,3.14.1,,D:/Dev/hyper-workspace/sjeyakumar_defects/hyper-db/api/thirdparty.googletest
2019-09-05 14:34:04,sjeyakumar,cmake,3.14.1,,D:/Dev/hyper-workspace/sjeyakumar_defects/hyper-db/api/hapi-c.library
2019-09-05 14:34:04,sjeyakumar,cmake,3.14.1,,D:/Dev/hyper-workspace/sjeyakumar_defects/hyper-db/api/thirdparty.googlebenchmark
2019-09-05 14:34:04,sjeyakumar,cmake,3.14.1,,D:/Dev/hyper-workspace/sjeyakumar_defects/hyper-db/api/hapi-c.library
2019-09-05 14:34:15,sjeyakumar,cmake,3.14.1,,D:/Dev/hyper-workspace/sjeyakumar_defects/hyper-db/api/hapi-c.library
2019-09-05 14:34:15,sjeyakumar,cmake,3.14.1,,D:/Dev/hyper-workspace/sjeyakumar_defects/hyper-db/api/thirdparty.googlebenchmark
2019-09-05 14:34:15,sjeyakumar,cmake,3.14.1,,D:/Dev/hyper-workspace/sjeyakumar_defects/hyper-db/api/hapi-c.library
2019-09-05 14:35:11,sjeyakumar,cmake,3.14.1,,D:/Dev/hyper-workspace/sjeyakumar_defects/hyper-db/api/hapi-cxx.library
2019-09-05 14:35:12,sjeyakumar,cmake,3.14.1,,D:/Dev/hyper-workspace/sjeyakumar_defects/hyper-db/api/hapi-cxx.library
2019-09-05 14:35:12,sjeyakumar,cmake,3.14.1,,D:/Dev/hyper-workspace/sjeyakumar_defects/hyper-db/api/hapi-java.library
2019-09-05 14:35:35,sjeyakumar,cmake,3.14.1,,D:/Dev/hyper-workspace/sjeyakumar_defects/hyper-db/api/hapi-cxx.library
2019-09-05 14:35:35,sjeyakumar,cmake,3.14.1,,D:/Dev/hyper-workspace/sjeyakumar_defects/hyper-db/api/hapi-py.library
2019-09-05 14:35:36,sjeyakumar,cmake,3.14.1,,D:/Dev/hyper-workspace/sjeyakumar_defects/hyper-db/api/eapi-py.library
2019-09-05 14:35:36,sjeyakumar,cmake,3.14.1,,D:/Dev/hyper-workspace/sjeyakumar_defects/hyper-db/api/hapi-dotnet.library
2019-09-05 14:35:36,sjeyakumar,cmake,3.14.1,,D:/Dev/hyper-workspace/sjeyakumar_defects/hyper-db/api/hapi-cxx.library
2019-09-05 14:35:36,sjeyakumar,cmake,3.14.1,,D:/Dev/hyper-workspace/sjeyakumar_defects/hyper-db/api/hapi-java.library
2019-09-05 14:35:41,sjeyakumar,cmake,3.14.1,,D:/Dev/hyper-workspace/sjeyakumar_defects/hyper-db/api/hapi-cxx.tests
2019-09-05 14:35:42,sjeyakumar,cmake,3.14.1,,D:/Dev/hyper-workspace/sjeyakumar_defects/hyper-db/api/hapi-cxx.tests
2019-09-05 14:36:26,sjeyakumar,cmake,3.14.1,,D:/Dev/hyper-workspace/sjeyakumar_defects/hyper-db/api/hapi-cxx.tests
2019-09-05 14:36:27,sjeyakumar,cmake,3.14.1,,D:/Dev/hyper-workspace/sjeyakumar_defects/hyper-db/api/hapi-cxx.tests
2019-09-09 16:29:04,sjeyakumar,cmake,3.14.1,,D:/Dev/hyper-workspace/sjeyakumar_qualified_names/hyper-db/api
2019-09-09 16:29:11,sjeyakumar,cmake,3.14.1,,D:/Dev/hyper-workspace/sjeyakumar_qualified_names/hyper-db/api/thirdparty.googletest
2019-09-09 16:29:11,sjeyakumar,cmake,3.14.1,,D:/Dev/hyper-workspace/sjeyakumar_qualified_names/hyper-db/api/thirdparty.googletest
2019-09-09 16:29:36,sjeyakumar,cmake,3.14.1,,D:/Dev/hyper-workspace/sjeyakumar_qualified_names/hyper-db/api/thirdparty.googlebenchmark
2019-09-09 16:29:36,sjeyakumar,cmake,3.14.1,,D:/Dev/hyper-workspace/sjeyakumar_qualified_names/hyper-db/api/hapi-c.library
2019-09-09 16:29:36,sjeyakumar,cmake,3.14.1,,D:/Dev/hyper-workspace/sjeyakumar_qualified_names/hyper-db/api/hapi-c.library
2019-09-09 16:29:47,sjeyakumar,cmake,3.14.1,,D:/Dev/hyper-workspace/sjeyakumar_qualified_names/hyper-db/api/hapi-c.library
2019-09-09 16:29:47,sjeyakumar,cmake,3.14.1,,D:/Dev/hyper-workspace/sjeyakumar_qualified_names/hyper-db/api/thirdparty.googlebenchmark
2019-09-09 16:29:47,sjeyakumar,cmake,3.14.1,,D:/Dev/hyper-workspace/sjeyakumar_qualified_names/hyper-db/api/hapi-c.library
2019-09-09 16:30:41,sjeyakumar,cmake,3.14.1,,D:/Dev/hyper-workspace/sjeyakumar_qualified_names/hyper-db/api/hapi-cxx.library
2019-09-09 16:30:41,sjeyakumar,cmake,3.14.1,,D:/Dev/hyper-workspace/sjeyakumar_qualified_names/hyper-db/api/hapi-cxx.library
2019-09-09 16:30:41,sjeyakumar,cmake,3.14.1,,D:/Dev/hyper-workspace/sjeyakumar_qualified_names/hyper-db/api/hapi-java.library
2019-09-09 16:31:06,sjeyakumar,cmake,3.14.1,,D:/Dev/hyper-workspace/sjeyakumar_qualified_names/hyper-db/api/hapi-dotnet.library
2019-09-09 16:31:06,sjeyakumar,cmake,3.14.1,,D:/Dev/hyper-workspace/sjeyakumar_qualified_names/hyper-db/api/hapi-py.library
2019-09-09 16:31:06,sjeyakumar,cmake,3.14.1,,D:/Dev/hyper-workspace/sjeyakumar_qualified_names/hyper-db/api/hapi-java.library
2019-09-09 16:31:06,sjeyakumar,cmake,3.14.1,,D:/Dev/hyper-workspace/sjeyakumar_qualified_names/hyper-db/api/hapi-cxx.library
2019-09-09 16:31:06,sjeyakumar,cmake,3.14.1,,D:/Dev/hyper-workspace/sjeyakumar_qualified_names/hyper-db/api/eapi-py.library
2019-09-09 16:31:06,sjeyakumar,cmake,3.14.1,,D:/Dev/hyper-workspace/sjeyakumar_qualified_names/hyper-db/api/hapi-cxx.library
2019-09-09 16:31:12,sjeyakumar,cmake,3.14.1,,D:/Dev/hyper-workspace/sjeyakumar_qualified_names/hyper-db/api/hapi-cxx.tests
2019-09-09 16:31:12,sjeyakumar,cmake,3.14.1,,D:/Dev/hyper-workspace/sjeyakumar_qualified_names/hyper-db/api/hapi-cxx.tests
2019-09-10 15:40:47,sjeyakumar,cmake,3.14.1,,D:/Dev/hyper-workspace/sjeyakumar_qualified_names/hyper-db/api/hapi-cxx.tests
2019-09-10 15:40:47,sjeyakumar,cmake,3.14.1,,D:/Dev/hyper-workspace/sjeyakumar_qualified_names/hyper-db/api/hapi-cxx.tests
2019-09-13 16:39:11,sjeyakumar,cmake,3.14.1,,D:/Dev/hyper-workspace/sjeyakumar_qualified_names/hyper-db/api
2019-09-13 16:39:19,sjeyakumar,cmake,3.14.1,,D:/Dev/hyper-workspace/sjeyakumar_qualified_names/hyper-db/api/thirdparty.googletest
2019-09-13 16:39:19,sjeyakumar,cmake,3.14.1,,D:/Dev/hyper-workspace/sjeyakumar_qualified_names/hyper-db/api/thirdparty.googletest
2019-09-13 16:39:44,sjeyakumar,cmake,3.14.1,,D:/Dev/hyper-workspace/sjeyakumar_qualified_names/hyper-db/api/thirdparty.googlebenchmark
2019-09-13 16:39:44,sjeyakumar,cmake,3.14.1,,D:/Dev/hyper-workspace/sjeyakumar_qualified_names/hyper-db/api/hapi-c.library
2019-09-13 16:39:44,sjeyakumar,cmake,3.14.1,,D:/Dev/hyper-workspace/sjeyakumar_qualified_names/hyper-db/api/hapi-c.library
2019-09-13 16:39:56,sjeyakumar,cmake,3.14.1,,D:/Dev/hyper-workspace/sjeyakumar_qualified_names/hyper-db/api/hapi-c.library
2019-09-13 16:39:56,sjeyakumar,cmake,3.14.1,,D:/Dev/hyper-workspace/sjeyakumar_qualified_names/hyper-db/api/hapi-c.library
2019-09-13 16:39:56,sjeyakumar,cmake,3.14.1,,D:/Dev/hyper-workspace/sjeyakumar_qualified_names/hyper-db/api/thirdparty.googlebenchmark
2019-09-13 16:40:49,sjeyakumar,cmake,3.14.1,,D:/Dev/hyper-workspace/sjeyakumar_qualified_names/hyper-db/api/hapi-cxx.library
2019-09-13 16:40:50,sjeyakumar,cmake,3.14.1,,D:/Dev/hyper-workspace/sjeyakumar_qualified_names/hyper-db/api/hapi-cxx.library
2019-09-13 16:40:50,sjeyakumar,cmake,3.14.1,,D:/Dev/hyper-workspace/sjeyakumar_qualified_names/hyper-db/api/hapi-java.library
2019-09-13 16:41:15,sjeyakumar,cmake,3.14.1,,D:/Dev/hyper-workspace/sjeyakumar_qualified_names/hyper-db/api/hapi-cxx.library
2019-09-13 16:41:15,sjeyakumar,cmake,3.14.1,,D:/Dev/hyper-workspace/sjeyakumar_qualified_names/hyper-db/api/hapi-py.library
2019-09-13 16:41:15,sjeyakumar,cmake,3.14.1,,D:/Dev/hyper-workspace/sjeyakumar_qualified_names/hyper-db/api/eapi-py.library
2019-09-13 16:41:15,sjeyakumar,cmake,3.14.1,,D:/Dev/hyper-workspace/sjeyakumar_qualified_names/hyper-db/api/hapi-cxx.library
2019-09-13 16:41:15,sjeyakumar,cmake,3.14.1,,D:/Dev/hyper-workspace/sjeyakumar_qualified_names/hyper-db/api/hapi-dotnet.library
2019-09-13 16:41:15,sjeyakumar,cmake,3.14.1,,D:/Dev/hyper-workspace/sjeyakumar_qualified_names/hyper-db/api/hapi-java.library
2019-09-13 16:41:20,sjeyakumar,cmake,3.14.1,,D:/Dev/hyper-workspace/sjeyakumar_qualified_names/hyper-db/api/hapi-cxx.tests
2019-09-13 16:41:21,sjeyakumar,cmake,3.14.1,,D:/Dev/hyper-workspace/sjeyakumar_qualified_names/hyper-db/api/hapi-cxx.tests
2019-09-13 18:37:04,sjeyakumar,cmake,3.14.1,,D:/Dev/hyper-workspace/sjeyakumar_qualified_names/hyper-db/api/hapi-cxx.tests
2019-09-13 18:38:10,sjeyakumar,cmake,3.14.1,,D:/Dev/hyper-workspace/sjeyakumar_qualified_names/hyper-db/api/hapi-cxx.tests
2019-09-16 11:24:11,sjeyakumar,cmake,3.14.1,,D:/Dev/hyper-workspace/sjeyakumar_examples/hyper-db/api
2019-09-16 11:24:18,sjeyakumar,cmake,3.14.1,,D:/Dev/hyper-workspace/sjeyakumar_examples/hyper-db/api/thirdparty.googletest
2019-09-16 11:24:18,sjeyakumar,cmake,3.14.1,,D:/Dev/hyper-workspace/sjeyakumar_examples/hyper-db/api/thirdparty.googletest
2019-09-16 11:24:44,sjeyakumar,cmake,3.14.1,,D:/Dev/hyper-workspace/sjeyakumar_examples/hyper-db/api/hapi-c.library
2019-09-16 11:24:44,sjeyakumar,cmake,3.14.1,,D:/Dev/hyper-workspace/sjeyakumar_examples/hyper-db/api/hapi-c.library
2019-09-16 11:24:44,sjeyakumar,cmake,3.14.1,,D:/Dev/hyper-workspace/sjeyakumar_examples/hyper-db/api/thirdparty.googlebenchmark
2019-09-16 11:24:56,sjeyakumar,cmake,3.14.1,,D:/Dev/hyper-workspace/sjeyakumar_examples/hyper-db/api/thirdparty.googlebenchmark
2019-09-16 11:24:57,sjeyakumar,cmake,3.14.1,,D:/Dev/hyper-workspace/sjeyakumar_examples/hyper-db/api/hapi-c.library
2019-09-16 11:24:57,sjeyakumar,cmake,3.14.1,,D:/Dev/hyper-workspace/sjeyakumar_examples/hyper-db/api/hapi-c.library
2019-09-16 11:25:48,sjeyakumar,cmake,3.14.1,,D:/Dev/hyper-workspace/sjeyakumar_examples/hyper-db/api/hapi-cxx.library
2019-09-16 11:25:48,sjeyakumar,cmake,3.14.1,,D:/Dev/hyper-workspace/sjeyakumar_examples/hyper-db/api/hapi-cxx.library
2019-09-16 11:25:48,sjeyakumar,cmake,3.14.1,,D:/Dev/hyper-workspace/sjeyakumar_examples/hyper-db/api/hapi-java.library
2019-09-16 11:26:14,sjeyakumar,cmake,3.14.1,,D:/Dev/hyper-workspace/sjeyakumar_examples/hyper-db/api/hapi-py.library
2019-09-16 11:26:14,sjeyakumar,cmake,3.14.1,,D:/Dev/hyper-workspace/sjeyakumar_examples/hyper-db/api/hapi-cxx.library
2019-09-16 11:26:14,sjeyakumar,cmake,3.14.1,,D:/Dev/hyper-workspace/sjeyakumar_examples/hyper-db/api/hapi-cxx.library
2019-09-16 11:26:14,sjeyakumar,cmake,3.14.1,,D:/Dev/hyper-workspace/sjeyakumar_examples/hyper-db/api/eapi-py.library
2019-09-16 11:26:14,sjeyakumar,cmake,3.14.1,,D:/Dev/hyper-workspace/sjeyakumar_examples/hyper-db/api/hapi-dotnet.library
2019-09-16 11:26:14,sjeyakumar,cmake,3.14.1,,D:/Dev/hyper-workspace/sjeyakumar_examples/hyper-db/api/hapi-java.library
2019-09-16 11:26:19,sjeyakumar,cmake,3.14.1,,D:/Dev/hyper-workspace/sjeyakumar_examples/hyper-db/api/hapi-cxx.tests
2019-09-16 11:26:20,sjeyakumar,cmake,3.14.1,,D:/Dev/hyper-workspace/sjeyakumar_examples/hyper-db/api/hapi-cxx.tests
2019-09-16 11:27:07,sjeyakumar,cmake,3.14.1,,D:/Dev/hyper-workspace/sjeyakumar_examples/hyper-db/api/hapi-cxx.tests
2019-09-16 11:27:07,sjeyakumar,cmake,3.14.1,,D:/Dev/hyper-workspace/sjeyakumar_examples/hyper-db/api/hapi-cxx.tests
